-- ============================================================================
-- RF-056 — pgTAP: authorization / security
-- ============================================================================
-- Batch-level: an expired PIN session, a device mismatch, and a revoked backing
-- device session each reject the whole push (42501; RISK R-007). Per-operation: an
-- accountant/kitchen_staff push is rejected by the underlying RPC's own role gate
-- (not bypassed). Scope is derived server-side from the session, never the payload.
-- Fixtures inserted as the BYPASSRLS connection role.
-- ============================================================================
begin;
create extension if not exists pgtap with schema extensions;
set local search_path to extensions, public, pg_catalog;

select plan(8);

insert into organizations (id, name, slug, default_currency) values
  ('00000000-0000-0000-0000-0000000000a0', 'Org A', 'rf056z-a', 'USD');
insert into restaurants (id, organization_id, name) values
  ('00000000-0000-0000-0000-0000000000a1', '00000000-0000-0000-0000-0000000000a0', 'Rest A1');
insert into branches (id, organization_id, restaurant_id, name) values
  ('00000000-0000-0000-0000-00000000a1b1', '00000000-0000-0000-0000-0000000000a0', '00000000-0000-0000-0000-0000000000a1', 'Branch A1');
insert into devices (id, organization_id, restaurant_id, branch_id, device_type) values
  ('00000000-0000-0000-0000-00000000da11', '00000000-0000-0000-0000-0000000000a0', '00000000-0000-0000-0000-0000000000a1', '00000000-0000-0000-0000-00000000a1b1', 'pos');
insert into device_pairings (id, organization_id, restaurant_id, branch_id, device_id, status) values
  ('00000000-0000-0000-0000-00000000fa11', '00000000-0000-0000-0000-0000000000a0', '00000000-0000-0000-0000-0000000000a1', '00000000-0000-0000-0000-00000000a1b1', '00000000-0000-0000-0000-00000000da11', 'active');
insert into device_sessions (id, organization_id, restaurant_id, branch_id, device_id, device_pairing_id) values
  ('00000000-0000-0000-0000-0000000005a1', '00000000-0000-0000-0000-0000000000a0', '00000000-0000-0000-0000-0000000000a1', '00000000-0000-0000-0000-00000000a1b1', '00000000-0000-0000-0000-00000000da11', '00000000-0000-0000-0000-00000000fa11'),
  ('00000000-0000-0000-0000-0000000005b1', '00000000-0000-0000-0000-0000000000a0', '00000000-0000-0000-0000-0000000000a1', '00000000-0000-0000-0000-00000000a1b1', '00000000-0000-0000-0000-00000000da11', '00000000-0000-0000-0000-00000000fa11');
insert into app_users (id, email) values
  ('00000000-0000-0000-0000-00000000ee01', 'rf056z-cashier@example.test'),
  ('00000000-0000-0000-0000-00000000ee03', 'rf056z-accountant@example.test'),
  ('00000000-0000-0000-0000-00000000ee04', 'rf056z-kitchen@example.test');
insert into memberships (id, app_user_id, organization_id, restaurant_id, branch_id, role) values
  ('00000000-0000-0000-0000-00000000ab01', '00000000-0000-0000-0000-00000000ee01', '00000000-0000-0000-0000-0000000000a0', '00000000-0000-0000-0000-0000000000a1', '00000000-0000-0000-0000-00000000a1b1', 'cashier'),
  ('00000000-0000-0000-0000-00000000ab03', '00000000-0000-0000-0000-00000000ee03', '00000000-0000-0000-0000-0000000000a0', '00000000-0000-0000-0000-0000000000a1', '00000000-0000-0000-0000-00000000a1b1', 'accountant'),
  ('00000000-0000-0000-0000-00000000ab04', '00000000-0000-0000-0000-00000000ee04', '00000000-0000-0000-0000-0000000000a0', '00000000-0000-0000-0000-0000000000a1', '00000000-0000-0000-0000-00000000a1b1', 'kitchen_staff');
insert into employee_profiles (id, organization_id, restaurant_id, branch_id, app_user_id, membership_id) values
  ('00000000-0000-0000-0000-0000000ef001', '00000000-0000-0000-0000-0000000000a0', '00000000-0000-0000-0000-0000000000a1', '00000000-0000-0000-0000-00000000a1b1', '00000000-0000-0000-0000-00000000ee01', '00000000-0000-0000-0000-00000000ab01'),
  ('00000000-0000-0000-0000-0000000ef003', '00000000-0000-0000-0000-0000000000a0', '00000000-0000-0000-0000-0000000000a1', '00000000-0000-0000-0000-00000000a1b1', '00000000-0000-0000-0000-00000000ee03', '00000000-0000-0000-0000-00000000ab03'),
  ('00000000-0000-0000-0000-0000000ef004', '00000000-0000-0000-0000-0000000000a0', '00000000-0000-0000-0000-0000000000a1', '00000000-0000-0000-0000-00000000a1b1', '00000000-0000-0000-0000-00000000ee04', '00000000-0000-0000-0000-00000000ab04');
insert into pin_sessions (id, organization_id, restaurant_id, branch_id, device_session_id, employee_profile_id, resolved_membership_id, expires_at) values
  ('00000000-0000-0000-0000-00000000c501', '00000000-0000-0000-0000-0000000000a0', '00000000-0000-0000-0000-0000000000a1', '00000000-0000-0000-0000-00000000a1b1', '00000000-0000-0000-0000-0000000005a1', '00000000-0000-0000-0000-0000000ef001', '00000000-0000-0000-0000-00000000ab01', now() + interval '1 hour'),
  ('00000000-0000-0000-0000-00000000c503', '00000000-0000-0000-0000-0000000000a0', '00000000-0000-0000-0000-0000000000a1', '00000000-0000-0000-0000-00000000a1b1', '00000000-0000-0000-0000-0000000005a1', '00000000-0000-0000-0000-0000000ef003', '00000000-0000-0000-0000-00000000ab03', now() + interval '1 hour'),
  ('00000000-0000-0000-0000-00000000c504', '00000000-0000-0000-0000-0000000000a0', '00000000-0000-0000-0000-0000000000a1', '00000000-0000-0000-0000-00000000a1b1', '00000000-0000-0000-0000-0000000005a1', '00000000-0000-0000-0000-0000000ef004', '00000000-0000-0000-0000-00000000ab04', now() + interval '1 hour'),
  ('00000000-0000-0000-0000-0000000005e1', '00000000-0000-0000-0000-0000000000a0', '00000000-0000-0000-0000-0000000000a1', '00000000-0000-0000-0000-00000000a1b1', '00000000-0000-0000-0000-0000000005a1', '00000000-0000-0000-0000-0000000ef001', '00000000-0000-0000-0000-00000000ab01', now() - interval '1 hour'),
  ('00000000-0000-0000-0000-0000000005f1', '00000000-0000-0000-0000-0000000000a0', '00000000-0000-0000-0000-0000000000a1', '00000000-0000-0000-0000-00000000a1b1', '00000000-0000-0000-0000-0000000005b1', '00000000-0000-0000-0000-0000000ef001', '00000000-0000-0000-0000-00000000ab01', now() + interval '1 hour');
insert into tables (id, organization_id, restaurant_id, branch_id, label, is_active) values
  ('00000000-0000-0000-0000-00000000ab1e', '00000000-0000-0000-0000-0000000000a0', '00000000-0000-0000-0000-0000000000a1', '00000000-0000-0000-0000-00000000a1b1', 'RF056Z T1', true);
insert into menu_categories (id, organization_id, restaurant_id, branch_id, name, display_order) values
  ('00000000-0000-0000-0000-00000000ca01', '00000000-0000-0000-0000-0000000000a0', '00000000-0000-0000-0000-0000000000a1', null, 'Fixture Food', 1);
insert into menu_items (id, organization_id, restaurant_id, branch_id, menu_category_id, name, base_price_minor, currency_code, display_order) values
  ('00000000-0000-0000-0000-0000000000f1', '00000000-0000-0000-0000-0000000000a0', '00000000-0000-0000-0000-0000000000a1', null, '00000000-0000-0000-0000-00000000ca01', 'Item', 1000, 'USD', 1);
-- revoke the backing device session for the c5rev PIN session (after the backing-guard insert)
update device_sessions set revoked_at = now() where id = '00000000-0000-0000-0000-0000000005b1';

-- batch-level raises: expired PIN + device mismatch still fail the whole push (42501)  1-2
select throws_ok($$ select app.sync_push('00000000-0000-0000-0000-0000000005e1','00000000-0000-0000-0000-00000000da11','[]'::jsonb) $$, '42501', NULL, 'an expired PIN session cannot push (whole batch rejected)');
select throws_ok($$ select app.sync_push('00000000-0000-0000-0000-00000000c501','00000000-0000-0000-0000-0000000000ff','[]'::jsonb) $$, '42501', NULL, 'a device_id not matching the PIN session device is rejected');

-- RF-061 (R-007): a REVOKED backing device session no longer fails the whole batch with a
-- raise; each queued op is RECORDED as rejected (revoked_device) with NO business state
-- (AC1). Same security intent — a revoked device cannot push valid operations.  ----- 3-5
select is(
  (app.sync_push('00000000-0000-0000-0000-0000000005f1','00000000-0000-0000-0000-00000000da11',
    '[{"local_operation_id":"op-rev","operation_type":"order.submit","payload":{"order_id":"00000000-0000-0000-0000-00000000a0d3","order_type":"dine_in","currency_code":"USD","order_items":[{"menu_item_id":"00000000-0000-0000-0000-0000000000f1","quantity":1,"unit_price_minor_snapshot":1000,"menu_item_name_snapshot":"Item"}],"subtotal_minor":1000,"discount_total_minor":0,"tax_total_minor":0,"grand_total_minor":1000}}]'::jsonb)
   -> 'results' -> 0 ->> 'status'), 'rejected',
  'a revoked backing device session''s push is RECORDED rejected, not raised (RF-061; R-007)');
select is(
  (app.sync_push('00000000-0000-0000-0000-0000000005f1','00000000-0000-0000-0000-00000000da11',
    '[{"local_operation_id":"op-rev","operation_type":"order.submit","payload":{"order_id":"00000000-0000-0000-0000-00000000a0d3","order_type":"dine_in","currency_code":"USD","order_items":[{"menu_item_id":"00000000-0000-0000-0000-0000000000f1","quantity":1,"unit_price_minor_snapshot":1000,"menu_item_name_snapshot":"Item"}],"subtotal_minor":1000,"discount_total_minor":0,"tax_total_minor":0,"grand_total_minor":1000}}]'::jsonb)
   -> 'results' -> 0 ->> 'detail'), 'revoked_device',
  'the recorded rejection reason/error is revoked_device');
select is((select count(*) from orders where id='00000000-0000-0000-0000-00000000a0d3')::int, 0,
  'a revoked backing device session''s push creates NO business state (no order) — R-007 intent preserved');

-- per-op: accountant + kitchen_staff are rejected by the underlying RPC gate -- 4-5
select is(
  (app.sync_push('00000000-0000-0000-0000-00000000c503','00000000-0000-0000-0000-00000000da11',
    '[{"local_operation_id":"op-acc","operation_type":"order.submit","payload":{"order_id":"00000000-0000-0000-0000-0000000a0da1","order_type":"dine_in","currency_code":"USD","order_items":[{"menu_item_id":"00000000-0000-0000-0000-0000000000f1","quantity":1,"unit_price_minor_snapshot":1000,"menu_item_name_snapshot":"Item"}],"subtotal_minor":1000,"discount_total_minor":0,"tax_total_minor":0,"grand_total_minor":1000}}]'::jsonb)
   -> 'results' -> 0 ->> 'status'), 'rejected', 'an accountant push is rejected by submit_order''s role gate');
select is(
  (app.sync_push('00000000-0000-0000-0000-00000000c504','00000000-0000-0000-0000-00000000da11',
    '[{"local_operation_id":"op-kit","operation_type":"order.submit","payload":{"order_id":"00000000-0000-0000-0000-0000000a0da2","order_type":"dine_in","currency_code":"USD","order_items":[{"menu_item_id":"00000000-0000-0000-0000-0000000000f1","quantity":1,"unit_price_minor_snapshot":1000,"menu_item_name_snapshot":"Item"}],"subtotal_minor":1000,"discount_total_minor":0,"tax_total_minor":0,"grand_total_minor":1000}}]'::jsonb)
   -> 'results' -> 0 ->> 'status'), 'rejected', 'a kitchen_staff push is rejected by submit_order''s role gate');

-- a valid cashier push applies ----------------------------------------------- 6
select is(
  (app.sync_push('00000000-0000-0000-0000-00000000c501','00000000-0000-0000-0000-00000000da11',
    '[{"local_operation_id":"op-cash","operation_type":"order.submit","payload":{"order_id":"00000000-0000-0000-0000-0000000a0da3","order_type":"dine_in","table_id":"00000000-0000-0000-0000-00000000ab1e","currency_code":"USD","order_items":[{"menu_item_id":"00000000-0000-0000-0000-0000000000f1","quantity":1,"unit_price_minor_snapshot":1000,"menu_item_name_snapshot":"Item"}],"subtotal_minor":1000,"discount_total_minor":0,"tax_total_minor":0,"grand_total_minor":1000}}]'::jsonb)
   -> 'results' -> 0 ->> 'status'), 'applied', 'a valid cashier push applies the operation');

select * from finish();
rollback;
