-- ============================================================================
-- RF-053 — pgTAP: an EXPLICITLY-DENIED cashier's discount is denied + audited
--                 (A6, D-013/§116)
-- ============================================================================
-- STAFF-CASHIER-PERMISSIONS-001: cashier discount is now default-ON, so an
-- UNAUTHORIZED cashier is one carrying the explicit deny override
-- permissions.apply_discount='false'. Such a cashier cannot apply a discount: the
-- RPC returns permission_denied, makes NO state change, and writes an
-- order.discount_denied audit row (mirroring void_order's denied path). A cashier
-- with the explicit permissions.apply_discount grant succeeds (and so would a
-- plain default cashier — covered by staff_cashier_permissions_001_test.sql).
-- Fixtures inserted as the BYPASSRLS connection role.
-- ============================================================================
begin;
create extension if not exists pgtap with schema extensions;
set local search_path to extensions, public, pg_catalog;

select plan(5);

insert into organizations (id, name, slug, default_currency) values
  ('00000000-0000-0000-0000-0000000000a0', 'Org A', 'rf053dd-a', 'USD');
insert into restaurants (id, organization_id, name) values
  ('00000000-0000-0000-0000-0000000000a1', '00000000-0000-0000-0000-0000000000a0', 'Rest A1');
insert into branches (id, organization_id, restaurant_id, name) values
  ('00000000-0000-0000-0000-00000000a1b1', '00000000-0000-0000-0000-0000000000a0', '00000000-0000-0000-0000-0000000000a1', 'Branch A1');
insert into devices (id, organization_id, restaurant_id, branch_id, device_type) values
  ('00000000-0000-0000-0000-00000000da11', '00000000-0000-0000-0000-0000000000a0', '00000000-0000-0000-0000-0000000000a1', '00000000-0000-0000-0000-00000000a1b1', 'pos');
insert into device_pairings (id, organization_id, restaurant_id, branch_id, device_id, status) values
  ('00000000-0000-0000-0000-00000000fa11', '00000000-0000-0000-0000-0000000000a0', '00000000-0000-0000-0000-0000000000a1', '00000000-0000-0000-0000-00000000a1b1', '00000000-0000-0000-0000-00000000da11', 'active');
insert into device_sessions (id, organization_id, restaurant_id, branch_id, device_id, device_pairing_id) values
  ('00000000-0000-0000-0000-0000000005a1', '00000000-0000-0000-0000-0000000000a0', '00000000-0000-0000-0000-0000000000a1', '00000000-0000-0000-0000-00000000a1b1', '00000000-0000-0000-0000-00000000da11', '00000000-0000-0000-0000-00000000fa11');
insert into app_users (id, email) values
  ('00000000-0000-0000-0000-00000000ee02', 'rf053dd-cashier@example.test'),
  ('00000000-0000-0000-0000-00000000ee03', 'rf053dd-cgrant@example.test');
insert into memberships (id, app_user_id, organization_id, restaurant_id, branch_id, role, permissions) values
  ('00000000-0000-0000-0000-00000000ab02', '00000000-0000-0000-0000-00000000ee02', '00000000-0000-0000-0000-0000000000a0', '00000000-0000-0000-0000-0000000000a1', '00000000-0000-0000-0000-00000000a1b1', 'cashier', '{"apply_discount":"false"}'::jsonb),
  ('00000000-0000-0000-0000-00000000ab03', '00000000-0000-0000-0000-00000000ee03', '00000000-0000-0000-0000-0000000000a0', '00000000-0000-0000-0000-0000000000a1', '00000000-0000-0000-0000-00000000a1b1', 'cashier', '{}'::jsonb);
insert into employee_profiles (id, organization_id, restaurant_id, branch_id, app_user_id, membership_id) values
  ('00000000-0000-0000-0000-0000000ef002', '00000000-0000-0000-0000-0000000000a0', '00000000-0000-0000-0000-0000000000a1', '00000000-0000-0000-0000-00000000a1b1', '00000000-0000-0000-0000-00000000ee02', '00000000-0000-0000-0000-00000000ab02'),
  ('00000000-0000-0000-0000-0000000ef003', '00000000-0000-0000-0000-0000000000a0', '00000000-0000-0000-0000-0000000000a1', '00000000-0000-0000-0000-00000000a1b1', '00000000-0000-0000-0000-00000000ee03', '00000000-0000-0000-0000-00000000ab03');
insert into pin_sessions (id, organization_id, restaurant_id, branch_id, device_session_id, employee_profile_id, resolved_membership_id, expires_at) values
  ('00000000-0000-0000-0000-00000000c502', '00000000-0000-0000-0000-0000000000a0', '00000000-0000-0000-0000-0000000000a1', '00000000-0000-0000-0000-00000000a1b1', '00000000-0000-0000-0000-0000000005a1', '00000000-0000-0000-0000-0000000ef002', '00000000-0000-0000-0000-00000000ab02', now() + interval '1 hour'),
  ('00000000-0000-0000-0000-00000000c503', '00000000-0000-0000-0000-0000000000a0', '00000000-0000-0000-0000-0000000000a1', '00000000-0000-0000-0000-00000000a1b1', '00000000-0000-0000-0000-0000000005a1', '00000000-0000-0000-0000-0000000ef003', '00000000-0000-0000-0000-00000000ab03', now() + interval '1 hour');
insert into orders (id, organization_id, restaurant_id, branch_id, device_id, pin_session_id, opened_by_employee_profile_id, resolved_membership_id, order_type, status, currency_code, subtotal_minor, discount_total_minor, tax_total_minor, grand_total_minor, local_operation_id) values
  ('00000000-0000-0000-0000-00000000a0d1', '00000000-0000-0000-0000-0000000000a0','00000000-0000-0000-0000-0000000000a1','00000000-0000-0000-0000-00000000a1b1','00000000-0000-0000-0000-00000000da11','00000000-0000-0000-0000-00000000c502','00000000-0000-0000-0000-0000000ef002','00000000-0000-0000-0000-00000000ab02','dine_in','submitted','USD',1000,0,0,1000,'ord-1');

-- explicit-deny cashier (apply_discount='false') => denied + audited, no change  1-3
select is(
  (app.apply_discount('00000000-0000-0000-0000-00000000c502','00000000-0000-0000-0000-00000000a0d1','00000000-0000-0000-0000-00000000da11','op-deny','order',null,'fixed',200,'unauthorized', null) ->> 'error'),
  'permission_denied', 'a cashier with an explicit apply_discount=false deny is denied');
select is((select discount_total_minor from orders where id='00000000-0000-0000-0000-00000000a0d1')::bigint, 0::bigint, 'denied discount makes NO state change (discount_total stays 0)');
select is((select count(*) from audit_events where action='order.discount_denied')::int, 1, 'the denied discount is audited (order.discount_denied)');

-- a DEFAULT cashier (no override) succeeds --------------------------------- 4-5
select is(
  (app.apply_discount('00000000-0000-0000-0000-00000000c503','00000000-0000-0000-0000-00000000a0d1','00000000-0000-0000-0000-00000000da11','op-ok','order',null,'fixed',200,'granted', null) ->> 'ok')::boolean,
  true, 'a default cashier (no apply_discount deny) may apply a partial discount');
select is((select discount_total_minor from orders where id='00000000-0000-0000-0000-00000000a0d1')::bigint, 200::bigint, 'the granted discount is applied (200)');

select * from finish();
rollback;
