-- ============================================================================
-- RF-054 — pgTAP: authorization (who may record a cash payment)
-- ============================================================================
-- record_payment authorizes via the PIN session (actor + scope derived server-
-- side, never from the client). cashier/manager/restaurant_owner/org_owner may
-- pay; kitchen_staff and accountant (read-only, D-028) are DENIED — the denied
-- path writes a payment.denied audit and RETURNS permission_denied (no raise, so
-- the audit persists) with NO payment, NO receipt number, NO order mutation, NO
-- ledger write. An order in another branch is rejected (cross-scope impossible).
-- Fixtures inserted as the BYPASSRLS connection role.
-- ============================================================================
begin;
create extension if not exists pgtap with schema extensions;
set local search_path to extensions, public, pg_catalog;

select plan(12);

-- ---- one org / one restaurant / two branches -------------------------------
insert into organizations (id, name, slug, default_currency) values
  ('00000000-0000-0000-0000-0000000000a0', 'Org A', 'rf054z-a', 'USD');
insert into restaurants (id, organization_id, name) values
  ('00000000-0000-0000-0000-0000000000a1', '00000000-0000-0000-0000-0000000000a0', 'Rest A1');
insert into branches (id, organization_id, restaurant_id, name) values
  ('00000000-0000-0000-0000-00000000a1b1', '00000000-0000-0000-0000-0000000000a0', '00000000-0000-0000-0000-0000000000a1', 'Branch A1'),
  ('00000000-0000-0000-0000-00000000a1b2', '00000000-0000-0000-0000-0000000000a0', '00000000-0000-0000-0000-0000000000a1', 'Branch A2');
insert into devices (id, organization_id, restaurant_id, branch_id, device_type) values
  ('00000000-0000-0000-0000-00000000da11', '00000000-0000-0000-0000-0000000000a0', '00000000-0000-0000-0000-0000000000a1', '00000000-0000-0000-0000-00000000a1b1', 'pos'),
  ('00000000-0000-0000-0000-00000000da22', '00000000-0000-0000-0000-0000000000a0', '00000000-0000-0000-0000-0000000000a1', '00000000-0000-0000-0000-00000000a1b2', 'pos');
insert into device_pairings (id, organization_id, restaurant_id, branch_id, device_id, status) values
  ('00000000-0000-0000-0000-00000000fa11', '00000000-0000-0000-0000-0000000000a0', '00000000-0000-0000-0000-0000000000a1', '00000000-0000-0000-0000-00000000a1b1', '00000000-0000-0000-0000-00000000da11', 'active'),
  ('00000000-0000-0000-0000-00000000fa22', '00000000-0000-0000-0000-0000000000a0', '00000000-0000-0000-0000-0000000000a1', '00000000-0000-0000-0000-00000000a1b2', '00000000-0000-0000-0000-00000000da22', 'active');
insert into device_sessions (id, organization_id, restaurant_id, branch_id, device_id, device_pairing_id) values
  ('00000000-0000-0000-0000-0000000005a1', '00000000-0000-0000-0000-0000000000a0', '00000000-0000-0000-0000-0000000000a1', '00000000-0000-0000-0000-00000000a1b1', '00000000-0000-0000-0000-00000000da11', '00000000-0000-0000-0000-00000000fa11'),
  ('00000000-0000-0000-0000-0000000005a2', '00000000-0000-0000-0000-0000000000a0', '00000000-0000-0000-0000-0000000000a1', '00000000-0000-0000-0000-00000000a1b2', '00000000-0000-0000-0000-00000000da22', '00000000-0000-0000-0000-00000000fa22');
-- six roles in branch 1
insert into app_users (id, email) values
  ('00000000-0000-0000-0000-00000000ee01', 'rf054z-cashier@example.test'),
  ('00000000-0000-0000-0000-00000000ee02', 'rf054z-manager@example.test'),
  ('00000000-0000-0000-0000-00000000ee03', 'rf054z-rowner@example.test'),
  ('00000000-0000-0000-0000-00000000ee04', 'rf054z-oowner@example.test'),
  ('00000000-0000-0000-0000-00000000ee05', 'rf054z-kitchen@example.test'),
  ('00000000-0000-0000-0000-00000000ee06', 'rf054z-accountant@example.test');
insert into memberships (id, app_user_id, organization_id, restaurant_id, branch_id, role) values
  ('00000000-0000-0000-0000-00000000ab01', '00000000-0000-0000-0000-00000000ee01', '00000000-0000-0000-0000-0000000000a0', '00000000-0000-0000-0000-0000000000a1', '00000000-0000-0000-0000-00000000a1b1', 'cashier'),
  ('00000000-0000-0000-0000-00000000ab02', '00000000-0000-0000-0000-00000000ee02', '00000000-0000-0000-0000-0000000000a0', '00000000-0000-0000-0000-0000000000a1', '00000000-0000-0000-0000-00000000a1b1', 'manager'),
  ('00000000-0000-0000-0000-00000000ab03', '00000000-0000-0000-0000-00000000ee03', '00000000-0000-0000-0000-0000000000a0', '00000000-0000-0000-0000-0000000000a1', null,                                   'restaurant_owner'),
  ('00000000-0000-0000-0000-00000000ab04', '00000000-0000-0000-0000-00000000ee04', '00000000-0000-0000-0000-0000000000a0', null,                                   null,                                   'org_owner'),
  ('00000000-0000-0000-0000-00000000ab05', '00000000-0000-0000-0000-00000000ee05', '00000000-0000-0000-0000-0000000000a0', '00000000-0000-0000-0000-0000000000a1', '00000000-0000-0000-0000-00000000a1b1', 'kitchen_staff'),
  ('00000000-0000-0000-0000-00000000ab06', '00000000-0000-0000-0000-00000000ee06', '00000000-0000-0000-0000-0000000000a0', '00000000-0000-0000-0000-0000000000a1', '00000000-0000-0000-0000-00000000a1b1', 'accountant');
insert into employee_profiles (id, organization_id, restaurant_id, branch_id, app_user_id, membership_id) values
  ('00000000-0000-0000-0000-0000000ef001', '00000000-0000-0000-0000-0000000000a0', '00000000-0000-0000-0000-0000000000a1', '00000000-0000-0000-0000-00000000a1b1', '00000000-0000-0000-0000-00000000ee01', '00000000-0000-0000-0000-00000000ab01'),
  ('00000000-0000-0000-0000-0000000ef002', '00000000-0000-0000-0000-0000000000a0', '00000000-0000-0000-0000-0000000000a1', '00000000-0000-0000-0000-00000000a1b1', '00000000-0000-0000-0000-00000000ee02', '00000000-0000-0000-0000-00000000ab02'),
  ('00000000-0000-0000-0000-0000000ef003', '00000000-0000-0000-0000-0000000000a0', '00000000-0000-0000-0000-0000000000a1', '00000000-0000-0000-0000-00000000a1b1', '00000000-0000-0000-0000-00000000ee03', '00000000-0000-0000-0000-00000000ab03'),
  ('00000000-0000-0000-0000-0000000ef004', '00000000-0000-0000-0000-0000000000a0', '00000000-0000-0000-0000-0000000000a1', '00000000-0000-0000-0000-00000000a1b1', '00000000-0000-0000-0000-00000000ee04', '00000000-0000-0000-0000-00000000ab04'),
  ('00000000-0000-0000-0000-0000000ef005', '00000000-0000-0000-0000-0000000000a0', '00000000-0000-0000-0000-0000000000a1', '00000000-0000-0000-0000-00000000a1b1', '00000000-0000-0000-0000-00000000ee05', '00000000-0000-0000-0000-00000000ab05'),
  ('00000000-0000-0000-0000-0000000ef006', '00000000-0000-0000-0000-0000000000a0', '00000000-0000-0000-0000-0000000000a1', '00000000-0000-0000-0000-00000000a1b1', '00000000-0000-0000-0000-00000000ee06', '00000000-0000-0000-0000-00000000ab06');
-- a PIN session per role (branch 1, device session 05a1) + one cross-branch session (branch 2)
insert into pin_sessions (id, organization_id, restaurant_id, branch_id, device_session_id, employee_profile_id, resolved_membership_id, expires_at) values
  ('00000000-0000-0000-0000-0000000005c1', '00000000-0000-0000-0000-0000000000a0', '00000000-0000-0000-0000-0000000000a1', '00000000-0000-0000-0000-00000000a1b1', '00000000-0000-0000-0000-0000000005a1', '00000000-0000-0000-0000-0000000ef001', '00000000-0000-0000-0000-00000000ab01', now() + interval '1 hour'),
  ('00000000-0000-0000-0000-0000000005c2', '00000000-0000-0000-0000-0000000000a0', '00000000-0000-0000-0000-0000000000a1', '00000000-0000-0000-0000-00000000a1b1', '00000000-0000-0000-0000-0000000005a1', '00000000-0000-0000-0000-0000000ef002', '00000000-0000-0000-0000-00000000ab02', now() + interval '1 hour'),
  ('00000000-0000-0000-0000-0000000005c3', '00000000-0000-0000-0000-0000000000a0', '00000000-0000-0000-0000-0000000000a1', '00000000-0000-0000-0000-00000000a1b1', '00000000-0000-0000-0000-0000000005a1', '00000000-0000-0000-0000-0000000ef003', '00000000-0000-0000-0000-00000000ab03', now() + interval '1 hour'),
  ('00000000-0000-0000-0000-0000000005c4', '00000000-0000-0000-0000-0000000000a0', '00000000-0000-0000-0000-0000000000a1', '00000000-0000-0000-0000-00000000a1b1', '00000000-0000-0000-0000-0000000005a1', '00000000-0000-0000-0000-0000000ef004', '00000000-0000-0000-0000-00000000ab04', now() + interval '1 hour'),
  ('00000000-0000-0000-0000-0000000005c5', '00000000-0000-0000-0000-0000000000a0', '00000000-0000-0000-0000-0000000000a1', '00000000-0000-0000-0000-00000000a1b1', '00000000-0000-0000-0000-0000000005a1', '00000000-0000-0000-0000-0000000ef005', '00000000-0000-0000-0000-00000000ab05', now() + interval '1 hour'),
  ('00000000-0000-0000-0000-0000000005c6', '00000000-0000-0000-0000-0000000000a0', '00000000-0000-0000-0000-0000000000a1', '00000000-0000-0000-0000-00000000a1b1', '00000000-0000-0000-0000-0000000005a1', '00000000-0000-0000-0000-0000000ef006', '00000000-0000-0000-0000-00000000ab06', now() + interval '1 hour'),
  ('00000000-0000-0000-0000-0000000005c7', '00000000-0000-0000-0000-0000000000a0', '00000000-0000-0000-0000-0000000000a1', '00000000-0000-0000-0000-00000000a1b2', '00000000-0000-0000-0000-0000000005a2', '00000000-0000-0000-0000-0000000ef001', '00000000-0000-0000-0000-00000000ab01', now() + interval '1 hour');
-- orders: one per success/denied role in branch 1, plus one in branch 2 (cross-scope)
insert into orders (id, organization_id, restaurant_id, branch_id, device_id, pin_session_id, opened_by_employee_profile_id, resolved_membership_id, order_type, status, currency_code, subtotal_minor, grand_total_minor, local_operation_id) values
  ('00000000-0000-0000-0000-00000000ad01', '00000000-0000-0000-0000-0000000000a0','00000000-0000-0000-0000-0000000000a1','00000000-0000-0000-0000-00000000a1b1','00000000-0000-0000-0000-00000000da11','00000000-0000-0000-0000-0000000005c1','00000000-0000-0000-0000-0000000ef001','00000000-0000-0000-0000-00000000ab01','dine_in','submitted','USD',1000,1000,'z-o-ca'),
  ('00000000-0000-0000-0000-00000000ad02', '00000000-0000-0000-0000-0000000000a0','00000000-0000-0000-0000-0000000000a1','00000000-0000-0000-0000-00000000a1b1','00000000-0000-0000-0000-00000000da11','00000000-0000-0000-0000-0000000005c1','00000000-0000-0000-0000-0000000ef001','00000000-0000-0000-0000-00000000ab01','dine_in','submitted','USD',1000,1000,'z-o-mg'),
  ('00000000-0000-0000-0000-00000000ad03', '00000000-0000-0000-0000-0000000000a0','00000000-0000-0000-0000-0000000000a1','00000000-0000-0000-0000-00000000a1b1','00000000-0000-0000-0000-00000000da11','00000000-0000-0000-0000-0000000005c1','00000000-0000-0000-0000-0000000ef001','00000000-0000-0000-0000-00000000ab01','dine_in','submitted','USD',1000,1000,'z-o-ro'),
  ('00000000-0000-0000-0000-00000000ad04', '00000000-0000-0000-0000-0000000000a0','00000000-0000-0000-0000-0000000000a1','00000000-0000-0000-0000-00000000a1b1','00000000-0000-0000-0000-00000000da11','00000000-0000-0000-0000-0000000005c1','00000000-0000-0000-0000-0000000ef001','00000000-0000-0000-0000-00000000ab01','dine_in','submitted','USD',1000,1000,'z-o-oo'),
  ('00000000-0000-0000-0000-00000000ad05', '00000000-0000-0000-0000-0000000000a0','00000000-0000-0000-0000-0000000000a1','00000000-0000-0000-0000-00000000a1b1','00000000-0000-0000-0000-00000000da11','00000000-0000-0000-0000-0000000005c1','00000000-0000-0000-0000-0000000ef001','00000000-0000-0000-0000-00000000ab01','dine_in','submitted','USD',1000,1000,'z-o-ks'),
  ('00000000-0000-0000-0000-00000000ad06', '00000000-0000-0000-0000-0000000000a0','00000000-0000-0000-0000-0000000000a1','00000000-0000-0000-0000-00000000a1b1','00000000-0000-0000-0000-00000000da11','00000000-0000-0000-0000-0000000005c1','00000000-0000-0000-0000-0000000ef001','00000000-0000-0000-0000-00000000ab01','dine_in','submitted','USD',1000,1000,'z-o-ac'),
  ('00000000-0000-0000-0000-00000000ad07', '00000000-0000-0000-0000-0000000000a0','00000000-0000-0000-0000-0000000000a1','00000000-0000-0000-0000-00000000a1b2','00000000-0000-0000-0000-00000000da22','00000000-0000-0000-0000-0000000005c7','00000000-0000-0000-0000-0000000ef001','00000000-0000-0000-0000-00000000ab01','dine_in','submitted','USD',1000,1000,'z-o-x2');

-- RF-055: record_payment now requires an open shift + active cash drawer (A2).
-- Opened by the cashier (ef001/ab01) on branch 1 / device da11; covers all b1 payments.
insert into shifts (id, organization_id, restaurant_id, branch_id, device_id, opened_by_employee_profile_id, resolved_membership_id, local_operation_id) values
  ('00000000-0000-0000-0000-00000000a5f1', '00000000-0000-0000-0000-0000000000a0','00000000-0000-0000-0000-0000000000a1','00000000-0000-0000-0000-00000000a1b1','00000000-0000-0000-0000-00000000da11','00000000-0000-0000-0000-0000000ef001','00000000-0000-0000-0000-00000000ab01','fx-shift');
insert into cash_drawer_sessions (id, organization_id, restaurant_id, branch_id, device_id, shift_id, opened_by_employee_profile_id, opening_float_minor, local_operation_id) values
  ('00000000-0000-0000-0000-00000000acd1', '00000000-0000-0000-0000-0000000000a0','00000000-0000-0000-0000-0000000000a1','00000000-0000-0000-0000-00000000a1b1','00000000-0000-0000-0000-00000000da11','00000000-0000-0000-0000-00000000a5f1','00000000-0000-0000-0000-0000000ef001',0,'fx-drawer');

-- authorized roles succeed -------------------------------------------------- 1-4
select is((app.record_payment('00000000-0000-0000-0000-0000000005c1','00000000-0000-0000-0000-00000000ad01','00000000-0000-0000-0000-00000000da11','z-p-ca','cash',1000,null) ->> 'ok')::boolean, true, 'cashier may record a cash payment');
select is((app.record_payment('00000000-0000-0000-0000-0000000005c2','00000000-0000-0000-0000-00000000ad02','00000000-0000-0000-0000-00000000da11','z-p-mg','cash',1000,null) ->> 'ok')::boolean, true, 'manager may record a cash payment');
select is((app.record_payment('00000000-0000-0000-0000-0000000005c3','00000000-0000-0000-0000-00000000ad03','00000000-0000-0000-0000-00000000da11','z-p-ro','cash',1000,null) ->> 'ok')::boolean, true, 'restaurant_owner may record a cash payment');
select is((app.record_payment('00000000-0000-0000-0000-0000000005c4','00000000-0000-0000-0000-00000000ad04','00000000-0000-0000-0000-00000000da11','z-p-oo','cash',1000,null) ->> 'ok')::boolean, true, 'org_owner may record a cash payment');

-- kitchen_staff + accountant are denied (returned, not raised) -------------- 5-6
select is(app.record_payment('00000000-0000-0000-0000-0000000005c5','00000000-0000-0000-0000-00000000ad05','00000000-0000-0000-0000-00000000da11','z-p-ks','cash',1000,null) ->> 'error', 'permission_denied', 'kitchen_staff is denied (permission_denied)');
select is(app.record_payment('00000000-0000-0000-0000-0000000005c6','00000000-0000-0000-0000-00000000ad06','00000000-0000-0000-0000-00000000da11','z-p-ac','cash',1000,null) ->> 'error', 'permission_denied', 'accountant is denied (D-028, read-only)');

-- the denied path made NO mutation ------------------------------------------ 7-9
select is((select count(*) from payments where order_id='00000000-0000-0000-0000-00000000ad05')::int, 0, 'kitchen_staff denial created NO payment row');
select is((select receipt_number from orders where id='00000000-0000-0000-0000-00000000ad05'), null, 'kitchen_staff denial assigned NO receipt number');
select is((select status from orders where id='00000000-0000-0000-0000-00000000ad05')::text, 'submitted', 'kitchen_staff denial left the order status unchanged');

-- the denied path was audited ----------------------------------------------- 10
select is((select count(*) from audit_events where action='payment.denied')::int, 2, 'both denials wrote a payment.denied audit row');

-- an order in another branch is rejected (cross-scope impossible) ----------- 11
select throws_ok($$ select app.record_payment('00000000-0000-0000-0000-0000000005c1','00000000-0000-0000-0000-00000000ad07','00000000-0000-0000-0000-00000000da11','z-p-x','cash',1000,null) $$, '42501', NULL, 'a cashier cannot pay an order in another branch (cross-scope rejected)');

-- the denied path wrote NO idempotency ledger row --------------------------- 12
select is((select count(*) from order_operations where action='record_payment' and local_operation_id in ('z-p-ks','z-p-ac'))::int, 0, 'a denied payment writes NO order_operations ledger row');

select * from finish();
rollback;
