-- ============================================================================
-- RF-061 — pgTAP: a revoked employee cannot create new operations (AC2)
-- ============================================================================
-- After app.revoke_employee, the employee's device is still active but their membership
-- is revoked: a sync_push op is RECORDED rejected (revoked_employee), creates NO order,
-- and a direct sensitive RPC is rejected. A pre-existing COMPLETED order is untouched.
-- Fixtures inserted as the BYPASSRLS connection role.
-- ============================================================================
begin;
create extension if not exists pgtap with schema extensions;
set local search_path to extensions, public, pg_catalog;

select plan(7);

insert into organizations (id, name, slug, default_currency) values
  ('00000000-0000-0000-0000-0000000000a0', 'Org A', 'rf061res-a', 'USD');
insert into restaurants (id, organization_id, name) values
  ('00000000-0000-0000-0000-0000000000a1', '00000000-0000-0000-0000-0000000000a0', 'Rest A1');
insert into branches (id, organization_id, restaurant_id, name) values
  ('00000000-0000-0000-0000-00000000a1b1', '00000000-0000-0000-0000-0000000000a0', '00000000-0000-0000-0000-0000000000a1', 'Branch A1a');
insert into devices (id, organization_id, restaurant_id, branch_id, device_type) values
  ('00000000-0000-0000-0000-00000000da11', '00000000-0000-0000-0000-0000000000a0', '00000000-0000-0000-0000-0000000000a1', '00000000-0000-0000-0000-00000000a1b1', 'pos');
insert into device_pairings (id, organization_id, restaurant_id, branch_id, device_id, status) values
  ('00000000-0000-0000-0000-00000000fa11', '00000000-0000-0000-0000-0000000000a0', '00000000-0000-0000-0000-0000000000a1', '00000000-0000-0000-0000-00000000a1b1', '00000000-0000-0000-0000-00000000da11', 'active');
insert into device_sessions (id, organization_id, restaurant_id, branch_id, device_id, device_pairing_id) values
  ('00000000-0000-0000-0000-0000000005a1', '00000000-0000-0000-0000-0000000000a0', '00000000-0000-0000-0000-0000000000a1', '00000000-0000-0000-0000-00000000a1b1', '00000000-0000-0000-0000-00000000da11', '00000000-0000-0000-0000-00000000fa11');
insert into app_users (id, email) values
  ('00000000-0000-0000-0000-00000000ee01', 'rf061res-manager@example.test'),
  ('00000000-0000-0000-0000-00000000ee02', 'rf061res-target@example.test');
insert into memberships (id, app_user_id, organization_id, restaurant_id, branch_id, role) values
  ('00000000-0000-0000-0000-00000000ab01', '00000000-0000-0000-0000-00000000ee01', '00000000-0000-0000-0000-0000000000a0', '00000000-0000-0000-0000-0000000000a1', '00000000-0000-0000-0000-00000000a1b1', 'manager'),
  ('00000000-0000-0000-0000-00000000ab02', '00000000-0000-0000-0000-00000000ee02', '00000000-0000-0000-0000-0000000000a0', '00000000-0000-0000-0000-0000000000a1', '00000000-0000-0000-0000-00000000a1b1', 'cashier');
insert into employee_profiles (id, organization_id, restaurant_id, branch_id, app_user_id, membership_id) values
  ('00000000-0000-0000-0000-0000000ef001', '00000000-0000-0000-0000-0000000000a0', '00000000-0000-0000-0000-0000000000a1', '00000000-0000-0000-0000-00000000a1b1', '00000000-0000-0000-0000-00000000ee01', '00000000-0000-0000-0000-00000000ab01'),
  ('00000000-0000-0000-0000-0000000ef002', '00000000-0000-0000-0000-0000000000a0', '00000000-0000-0000-0000-0000000000a1', '00000000-0000-0000-0000-00000000a1b1', '00000000-0000-0000-0000-00000000ee02', '00000000-0000-0000-0000-00000000ab02');
insert into pin_sessions (id, organization_id, restaurant_id, branch_id, device_session_id, employee_profile_id, resolved_membership_id, expires_at) values
  ('00000000-0000-0000-0000-00000000c501', '00000000-0000-0000-0000-0000000000a0', '00000000-0000-0000-0000-0000000000a1', '00000000-0000-0000-0000-00000000a1b1', '00000000-0000-0000-0000-0000000005a1', '00000000-0000-0000-0000-0000000ef001', '00000000-0000-0000-0000-00000000ab01', now() + interval '1 hour'),
  ('00000000-0000-0000-0000-00000000c502', '00000000-0000-0000-0000-0000000000a0', '00000000-0000-0000-0000-0000000000a1', '00000000-0000-0000-0000-00000000a1b1', '00000000-0000-0000-0000-0000000005a1', '00000000-0000-0000-0000-0000000ef002', '00000000-0000-0000-0000-00000000ab02', now() + interval '1 hour');
-- a pre-existing COMPLETED order for the target (must remain untouched after revocation)
insert into orders (id, organization_id, restaurant_id, branch_id, device_id, pin_session_id, opened_by_employee_profile_id, resolved_membership_id, order_type, status, currency_code, subtotal_minor, grand_total_minor, local_operation_id) values
  ('00000000-0000-0000-0000-00000000a0d9', '00000000-0000-0000-0000-0000000000a0','00000000-0000-0000-0000-0000000000a1','00000000-0000-0000-0000-00000000a1b1','00000000-0000-0000-0000-00000000da11','00000000-0000-0000-0000-00000000c502','00000000-0000-0000-0000-0000000ef002','00000000-0000-0000-0000-00000000ab02','dine_in','completed','USD',1000,1000,'oa9-hist');

-- revoke the EMPLOYEE (device stays active)
select app.revoke_employee('00000000-0000-0000-0000-00000000c501','00000000-0000-0000-0000-00000000da11','00000000-0000-0000-0000-0000000ef002','op-re','removed');

-- ===== revoked-employee op via sync_push is rejected, no order ============== 1-5
select is(
  (app.sync_push('00000000-0000-0000-0000-00000000c502','00000000-0000-0000-0000-00000000da11','[{"local_operation_id":"op-rm","operation_type":"order.submit","payload":{"order_id":"00000000-0000-0000-0000-00000000a0d1","order_type":"dine_in","currency_code":"USD","order_items":[{"menu_item_id":"00000000-0000-0000-0000-0000000000f1","quantity":1,"unit_price_minor_snapshot":1000,"menu_item_name_snapshot":"Item"}],"subtotal_minor":1000,"discount_total_minor":0,"tax_total_minor":0,"grand_total_minor":1000}}]'::jsonb)
   -> 'results' -> 0 ->> 'status'), 'rejected',
  'a revoked-employee op pushed via sync_push is rejected (device active, membership revoked)');
select is(
  (app.sync_push('00000000-0000-0000-0000-00000000c502','00000000-0000-0000-0000-00000000da11','[{"local_operation_id":"op-rm","operation_type":"order.submit","payload":{"order_id":"00000000-0000-0000-0000-00000000a0d1","order_type":"dine_in","currency_code":"USD","order_items":[{"menu_item_id":"00000000-0000-0000-0000-0000000000f1","quantity":1,"unit_price_minor_snapshot":1000,"menu_item_name_snapshot":"Item"}],"subtotal_minor":1000,"discount_total_minor":0,"tax_total_minor":0,"grand_total_minor":1000}}]'::jsonb)
   -> 'results' -> 0 ->> 'detail'), 'revoked_employee',
  'the rejected result carries detail=revoked_employee');
select is((select rejection_reason from sync_operations where local_operation_id='op-rm')::text, 'revoked_employee',
  'the recorded op carries rejection_reason=revoked_employee');
select is((select count(*) from orders where id='00000000-0000-0000-0000-00000000a0d1')::int, 0,
  'NO order was created from the revoked-employee push');
select throws_ok(
  $$ select app.submit_order('00000000-0000-0000-0000-00000000c502','00000000-0000-0000-0000-00000000a0d2','00000000-0000-0000-0000-00000000da11','op-direct','dine_in',null,null,'USD',null,'[{"menu_item_id":"00000000-0000-0000-0000-0000000000f1","quantity":1,"unit_price_minor_snapshot":1000,"menu_item_name_snapshot":"Item"}]'::jsonb,1000,0,0,1000,null) $$,
  '42501', NULL, 'a revoked employee''s DIRECT submit_order is rejected (resolved membership not active)');

-- ===== existing completed order untouched =================================== 6-7
select is((select status from orders where id='00000000-0000-0000-0000-00000000a0d9')::text, 'completed',
  'the target employee''s pre-existing COMPLETED order is untouched');
select is((select count(*) from orders where id='00000000-0000-0000-0000-00000000a0d2')::int, 0,
  'the direct submit attempt created no order');

select * from finish();
rollback;
